{"cameraMode":{"drawMode":0,"name":"Shaded","section":"Shading Mode"},"sceneLighting":false,"audioPlay":false,"sceneViewState":{"m_AlwaysRefresh":false,"showFog":true,"showSkybox":false,"showFlares":true,"showImageEffects":true,"showParticleSystems":true,"showVisualEffectGraphs":true,"m_FxEnabled":true},"in2DMode":false,"pivot":{"x":-6.336998462677002,"y":0.7639859914779663,"z":-3.9419894218444826},"rotation":{"x":0.04348035529255867,"y":0.016482990235090257,"z":-0.0007174536003731191,"w":0.9989179968833923},"size":0.868182361125946,"orthographic":false}