{"cameraMode":{"drawMode":0,"name":"Shaded","section":"Shading Mode"},"sceneLighting":true,"audioPlay":false,"sceneViewState":{"m_AlwaysRefresh":false,"showFog":true,"showSkybox":true,"showFlares":true,"showImageEffects":true,"showParticleSystems":true,"showVisualEffectGraphs":true,"m_FxEnabled":true},"in2DMode":false,"pivot":{"x":-5.403566360473633,"y":1.515350580215454,"z":-3.714707612991333},"rotation":{"x":0.03296060487627983,"y":0.04495967924594879,"z":-0.0014841989614069462,"w":0.9984437227249146},"size":1.650327444076538,"orthographic":false}